Exp,Res,Time(s),RMSE_Train,RMSERare_Train,Utility_Train,Benefit_Train,Cost_Train,CaseWeight_Train,Precision_Train,Recall_Train,FScore_Train,RMSE_Test,RMSERare_Test,Utility_Test,Benefit_Test,Cost_Test,CaseWeight_Test,Precision_Test,Recall_Test,FScore_Test
1,no_resample,45.79784297943115,[0.02095288 0.02590978 0.0329451  0.03827415 0.0433849 ],[0.02340172 0.02809895 0.03795638 0.04240887 0.04952677],[0.19104393 0.18949198 0.18636449 0.18472649 0.18272518],[0.19474035 0.19392965 0.1922619  0.19137445 0.19027196],[0.00369642 0.00443767 0.00589741 0.00664796 0.00754679],[0.00041936 0.00062995 0.00114021 0.0014828  0.00199834],[0.97988611 1.        ],[1.         0.72383354],[0.92910327 0.90924716 0.84787018 0.81158779 0.76997579],[0.02119594 0.02624913 0.0333756  0.03884365 0.04410251],[0.02345908 0.02813179 0.03800121 0.04244777 0.04957073],[0.18315298 0.18156655 0.17839239 0.17668452 0.17459497],[0.18680868 0.18593585 0.18419779 0.18322873 0.18203402],[0.00365571 0.0043693  0.0058054  0.00654421 0.00743906],[0.00044641 0.00066842 0.00121046 0.00157729 0.00213728],[0.97735605 1.        ],[1.         0.72440945],[0.92929293 0.90613718 0.84810127 0.83113456 0.78536585]
2,no_resample,41.093096017837524,[0.02063527 0.02625945 0.03290514 0.03822236 0.0433751 ],[0.02657405 0.03465062 0.04564152 0.05612469 0.06509454],[0.18957271 0.18723384 0.18425581 0.18184822 0.17975017],[0.19396108 0.19271691 0.19110175 0.18977643 0.18859942],[0.00438837 0.00548307 0.00684594 0.00792821 0.00884925],[0.00061528 0.00101201 0.0016502  0.0023056  0.00297862],[0.97612077 1.        ],[1.         0.67087011],[0.91064704 0.87692887 0.80207863 0.7403599  0.67133684],[0.02069968 0.02635238 0.03307968 0.03853172 0.04381262],[0.02657848 0.03464396 0.04564706 0.05615821 0.06515134],[0.18180328 0.17945534 0.176425   0.17390484 0.17170745],[0.18609179 0.18479876 0.18311046 0.18167904 0.18040352],[0.00428851 0.00534342 0.00668546 0.0077742  0.00869607],[0.00064396 0.00105897 0.00173715 0.00245092 0.0031846 ],[0.97274093 1.        ],[1.         0.66666667],[0.90909091 0.87351779 0.81900452 0.75442248 0.68639053]
3,no_resample,44.01329469680786,[0.01697078 0.02290243 0.027978   0.03290649 0.03781775],[0.01857563 0.02547312 0.03280634 0.04041449 0.04688996],[0.19164086 0.18932986 0.18724756 0.18527889 0.18362615],[0.19505792 0.19384854 0.19274298 0.19168496 0.19077682],[0.00341707 0.00451869 0.00549542 0.00640607 0.00715067],[0.00034291 0.00062598 0.00097285 0.00136608 0.00177828],[0.9817797 1.       ],[1.         0.75031526],[0.93759849 0.91111111 0.87466869 0.8207016  0.78614881],[0.01697493 0.02293527 0.02808241 0.03313161 0.0381935 ],[0.01851967 0.02540241 0.03274019 0.04037533 0.04687377],[0.18391933 0.18160798 0.17947962 0.17740748 0.17564081],[0.18721466 0.18596213 0.18478876 0.18363192 0.18261863],[0.00329533 0.00435415 0.00530914 0.00622443 0.00697782],[0.00034868 0.00063762 0.00100012 0.00142252 0.00187326],[0.97968007 1.        ],[1.         0.75328084],[0.93852191 0.91006424 0.87351779 0.83837511 0.80449018]
4,no_resample,40.35427713394165,[0.01626399 0.02084072 0.02615131 0.03010916 0.03497992],[0.01528606 0.02047394 0.02796136 0.03344079 0.0395112 ],[0.19231339 0.19060125 0.18844582 0.18708458 0.18537203],[0.19540743 0.19452153 0.19338673 0.19266326 0.19173418],[0.00309404 0.00392028 0.00494091 0.00557868 0.00636214],[0.00027656 0.00046174 0.00076937 0.00101504 0.0013723 ],[0.98495199 1.        ],[1.         0.79445145],[0.95079988 0.92743248 0.89711641 0.87180465 0.83783784],[0.01627984 0.02087174 0.02623866 0.03031434 0.03531365],[0.01524116 0.02040324 0.02787268 0.03334749 0.03942913],[0.18460439 0.18288218 0.18069434 0.17922552 0.17741664],[0.18757061 0.18663678 0.18544179 0.18461803 0.18359422],[0.00296622 0.0037546  0.00474745 0.00539251 0.00617758],[0.00027773 0.00046456 0.00078188 0.00104668 0.00143117],[0.982228 1.      ],[1.        0.7847769],[0.94800254 0.93101139 0.89591078 0.86869496 0.84674005]
5,no_resample,41.76775932312012,[0.01369145 0.01701727 0.02186672 0.02437575 0.02885295],[0.01151205 0.01503126 0.0216267  0.0250024  0.03125775],[0.19362031 0.19250312 0.19048731 0.18978472 0.18800236],[0.19608802 0.19552265 0.19447693 0.19411468 0.19316908],[0.00246771 0.00301953 0.00398962 0.00432996 0.00516671],[0.00017345 0.00026853 0.00049073 0.00060356 0.00088548],[0.98832577 0.99701046],[0.99981254 0.84110971],[0.96137215 0.95330739 0.9228243  0.91568297 0.88941433],[0.01375113 0.01712707 0.02198703 0.02463275 0.02918869],[0.01147743 0.01496899 0.02153702 0.02490374 0.03116324],[0.18585446 0.1846793  0.18265911 0.18180931 0.17995325],[0.18822162 0.18758347 0.18649194 0.18600911 0.18498126],[0.00236715 0.00290416 0.00383283 0.0041998  0.00502801],[0.00017461 0.00027257 0.00049919 0.00062788 0.00092833],[0.98607485 1.        ],[1.       0.832021],[0.9611886  0.95103578 0.92579986 0.91295117 0.88947767]
6,no_resample,39.77230525016785,[0.00880972 0.01203061 0.01619227 0.01878286 0.02247135],[0.0056047  0.01027761 0.0186509  0.02245562 0.0283361 ],[0.1959473  0.1945072  0.19212885 0.19120609 0.18960891],[0.19728507 0.19656603 0.19535117 0.19488133 0.19404801],[0.00133778 0.00205883 0.00322232 0.00367524 0.0044391 ],"[5.31892930e-05 1.23447631e-04 3.11572764e-04 4.19379343e-04
 6.33203277e-04]",[0.99403597 0.99726402],[0.99981254 0.91929382],[0.98062954 0.97132415 0.94030312 0.92616792 0.90158172],[0.00894686 0.01217857 0.01630916 0.01899476 0.02272857],[0.00559827 0.01025214 0.01860182 0.02240241 0.02827668],[0.18802762 0.18654781 0.18415767 0.18311487 0.18145307],[0.18934034 0.18855761 0.18729247 0.18671694 0.18580633],[0.00131272 0.0020098  0.0031348  0.00360207 0.00435325],"[5.58927587e-05 1.28704264e-04 3.23787934e-04 4.42597536e-04
 6.70793514e-04]",[0.99473222 1.        ],[1.         0.93700787],[0.986733   0.97001764 0.94174757 0.93015447 0.90211833]
7,no_resample,39.60768795013428,[0.00391172 0.00601081 0.00888244 0.0113523  0.0134716 ],[0.00137388 0.00440133 0.01205212 0.01658555 0.01978928],[0.1979165  0.19699555 0.19485676 0.1938791  0.19327225],[0.19828448 0.19783896 0.19676772 0.19627917 0.19597539],[0.00036797 0.0008434  0.00191096 0.00240007 0.00270313],"[7.09715327e-06 2.64720323e-05 1.19484990e-04 1.97503073e-04
 2.70597446e-04]",[0.9992503  0.99241466],[0.99943762 0.98991173],[0.99191307 0.99057838 0.96847487 0.95716396 0.94598718],[0.00400076 0.00616031 0.00901892 0.01158251 0.0137514 ],[0.00133409 0.0043961  0.01204919 0.01660407 0.01982228],[0.18990786 0.18887348 0.18673956 0.18562491 0.18493362],[0.19029549 0.18974874 0.188635   0.18803208 0.18764091],[0.00038763 0.00087526 0.00189544 0.00240717 0.00270729],"[8.00071736e-06 3.00492929e-05 1.29515292e-04 2.17819704e-04
 2.99789558e-04]",[0.9995584  0.98697917],[0.99889673 0.99475066],[0.98852374 0.99298435 0.97067449 0.95252967 0.9401159 ]
8,no_resample,41.86536693572998,[0.00440224 0.00575847 0.00653627 0.00868449 0.00972595],[0.00105004 0.00381444 0.0066892  0.01078491 0.01255677],[0.19786422 0.19709824 0.19639752 0.19532066 0.19507762],[0.19825818 0.19789185 0.19755586 0.19702389 0.19691299],[0.00039396 0.00079361 0.00115834 0.00170323 0.00183537],"[6.61535662e-06 2.05290672e-05 4.31827159e-05 9.21072107e-05
 1.19172825e-04]",[0.99906341 0.99745223],[0.99981254 0.98738966],[0.99542334 0.99030652 0.98100407 0.97132415 0.96582886],[0.00450127 0.00589769 0.00664048 0.00884397 0.00992687],[0.00104877 0.00380891 0.00664832 0.01073586 0.01249629],[0.1898725  0.18898409 0.18827968 0.18708029 0.18673085],[0.19027768 0.18980576 0.18942346 0.18878511 0.18857631],[0.00040518 0.00082167 0.00114378 0.00170482 0.00184546],"[7.27215782e-06 2.30321379e-05 4.63251300e-05 1.00404821e-04
 1.31992273e-04]",[0.99933833 0.99736148],[0.99977935 0.99212598],[0.99630996 0.99186992 0.98614958 0.97132826 0.96774194]
9,no_resample,39.83839297294617,[0.00394063 0.00635902 0.00647287 0.00905548 0.00942391],[0.00286571 0.00420254 0.00563644 0.01082113 0.0116522 ],[0.19780453 0.1968999  0.1967287  0.19529178 0.19544374],[0.19823004 0.19779065 0.19772336 0.19700775 0.19709908],[0.00042551 0.00089075 0.00099467 0.00171597 0.00165535],"[6.61598027e-06 2.64005873e-05 3.57840532e-05 9.70883824e-05
 1.07131828e-04]",[0.99990614 0.98019802],[0.99850033 0.99873897],[0.98385093 0.98713573 0.98075402 0.97117268 0.96886294],[0.00404393 0.00650789 0.00660587 0.00924408 0.00968001],[0.00289274 0.00416134 0.00557925 0.0107836  0.01161622],[0.189808   0.18882074 0.1886009  0.18705289 0.18705001],[0.19024701 0.1897219  0.18958563 0.18876938 0.1887385 ],[0.00043901 0.00090116 0.00098472 0.00171649 0.0016885 ],"[7.35671520e-06 2.90214836e-05 3.88543033e-05 1.06163205e-04
 1.20945295e-04]",[1.         0.97193878],[0.99757282 1.        ],[0.97742432 0.99242834 0.98915989 0.97197898 0.97294185]
10,no_resample,39.42590117454529,[0.0035478  0.00572017 0.00698747 0.0091886  0.00996287],[0.00287181 0.00238644 0.00460877 0.0089388  0.01078787],[0.19779723 0.19735935 0.19671007 0.19557273 0.19530859],[0.198227   0.19802363 0.19771427 0.19715173 0.19703064],[0.00042977 0.00066428 0.00100421 0.001579   0.00172205],"[6.22912651e-06 1.59878338e-05 3.37971005e-05 8.07319604e-05
 1.06433685e-04]",[1.         0.97181373],[0.99784422 1.        ],[0.97732315 0.98991988 0.97961345 0.97072632 0.96684313],[0.00363671 0.00585631 0.0071068  0.0093678  0.01020321],[0.00290992 0.00232936 0.00453105 0.00887839 0.01072846],[0.18981316 0.18929361 0.18861505 0.18735877 0.18696912],[0.19025005 0.18996133 0.1895921  0.18892507 0.18869679],[0.00043689 0.00066772 0.00097705 0.0015663  0.00172767],"[6.85031432e-06 1.74693975e-05 3.56517546e-05 8.72972120e-05
 1.17957472e-04]",[1.         0.96455696],[0.99691086 1.        ],[0.97144314 0.99463807 0.98859316 0.97518754 0.97230237]
1,SMOTER_bin,71.47835493087769,[0.02270581 0.02653624 0.03337855 0.03665889 0.04075673],[0.02295095 0.02543853 0.02815292 0.028965   0.02964231],[0.48047264 0.47617928 0.4662395  0.45529958 0.44096897],[0.49186276 0.48928741 0.48207939 0.47205174 0.4585342 ],[0.01139013 0.01310813 0.0158399  0.01675216 0.01756523],[0.00059857 0.00081428 0.00118596 0.00140314 0.00163212],[1.         0.96152802],[0.96016496 1.        ],[0.96898376 0.93371458 0.86238718 0.8035986  0.7698783 ],[0.02171028 0.02519119 0.0331058  0.03653756 0.04193957],[0.02293036 0.02480271 0.02824602 0.03002682 0.0318116 ],[0.18063006 0.17926492 0.17622847 0.17517605 0.17362837],[0.18588424 0.18526753 0.18392052 0.18347502 0.18282993],[0.00525419 0.00600261 0.00769205 0.00829896 0.00920156],[0.00088285 0.00121861 0.00184385 0.00218367 0.00260647],[1.         0.70425139],[0.9646955 1.       ],[0.74852652 0.72904707 0.71161748 0.71589628 0.72571429]
2,SMOTER_bin,71.07487511634827,[0.02321635 0.02499228 0.03206496 0.03517298 0.03991701],[0.0233451  0.02553939 0.03163911 0.03251065 0.03486763],[0.47938921 0.47596873 0.46413081 0.45370411 0.43843448],[0.49127663 0.48907185 0.48091821 0.47113845 0.45718462],[0.01188742 0.01310312 0.0167874  0.01743433 0.01875014],[0.00056507 0.00070823 0.00114871 0.00131299 0.00159684],[1.        0.9725325],[0.97188115 1.        ],[0.97790462 0.9439242  0.87466532 0.82268371 0.78322328],[0.02263445 0.02304544 0.02959865 0.03352462 0.03941013],[0.02226308 0.02429849 0.03068583 0.03199171 0.03498243],[0.18128562 0.18053054 0.17766145 0.17633428 0.17443631],[0.18616826 0.18579976 0.18447636 0.18388482 0.18305466],[0.00488264 0.00526923 0.00681491 0.00755054 0.00861836],[0.0006292  0.00078007 0.00124632 0.00152353 0.0019368 ],[1.         0.76352705],[0.97396293 1.        ],[0.80143037 0.78298397 0.75926664 0.75565252 0.74269006]
3,SMOTER_bin,72.12834978103638,[0.02017749 0.02046348 0.02805449 0.03022268 0.03497984],[0.016574   0.01484632 0.02133516 0.02182841 0.02418344],[0.48579982 0.4861474  0.47418946 0.46458814 0.44963875],[0.49434194 0.49392879 0.4856556  0.47624001 0.46240424],[0.00854211 0.0077814  0.01146614 0.01165186 0.01276549],[0.00032063 0.00029744 0.00058983 0.00066164 0.00083904],[1.         0.98351852],[0.98331615 1.        ],[0.98677121 0.95754265 0.90166947 0.87023878 0.84817035],[0.02247221 0.02351516 0.03155429 0.03431576 0.04050399],[0.01446587 0.01238914 0.01983073 0.02065827 0.02367126],[0.18286172 0.18287881 0.17980931 0.17900575 0.17722581],[0.18692547 0.18692362 0.18549028 0.18511827 0.18433012],[0.00406375 0.00404481 0.00568097 0.00611251 0.00710431],[0.00044595 0.00047246 0.00084669 0.00099904 0.00132668],[1.         0.82826087],[0.9825684 1.       ],[0.85772175 0.85926928 0.81375481 0.80413677 0.78427336]
4,SMOTER_bin,78.02717304229736,[0.02150985 0.01914917 0.02510073 0.02626718 0.02938501],[0.01990481 0.01539541 0.02195837 0.02088053 0.0239028 ],[0.48302417 0.48645432 0.47468257 0.46671029 0.4514029 ],[0.4930028  0.49406105 0.48585723 0.47721579 0.46317449],[0.00997863 0.00760673 0.01117466 0.0105055  0.01177159],[0.00041291 0.00027568 0.00054848 0.00054237 0.00070167],[1.         0.97853524],[0.97816103 1.        ],[0.98275415 0.95816198 0.90299707 0.88280922 0.85923342],[0.02248294 0.0211964  0.02632832 0.02873959 0.0318395 ],[0.01814654 0.01294186 0.02018118 0.01915553 0.02208763],[0.18250452 0.1839394  0.18127513 0.18084615 0.17953063],[0.18673573 0.1874006  0.18612744 0.18592581 0.1853057 ],[0.00423121 0.00346121 0.00485231 0.00507966 0.00577506],[0.0004523  0.00032975 0.00060179 0.00068832 0.00087513],[1.         0.80210526],[0.97925861 1.        ],[0.83516002 0.86394558 0.82076691 0.82646421 0.81236674]
5,SMOTER_bin,74.94110894203186,[0.01445948 0.01400044 0.01861811 0.01885087 0.02107867],[0.01373105 0.0118643  0.01749517 0.01546574 0.01789715],[0.489723   0.49032368 0.47965122 0.47264796 0.45800792],[0.49621623 0.49591754 0.48821227 0.48003183 0.46628785],[0.00649323 0.00559386 0.00856105 0.00738387 0.00827994],[0.00019543 0.00016604 0.00034663 0.00030441 0.00039476],[1.         0.98634971],[0.98622176 1.        ],[0.98904987 0.963191   0.9147503  0.91178385 0.89788899],[0.01466525 0.01471301 0.01801752 0.01968696 0.02168473],[0.01135253 0.00852907 0.01529321 0.01287437 0.01563143],[0.18550546 0.18588868 0.1837909  0.18386797 0.18298283],[0.18815522 0.1883213  0.18729026 0.18731661 0.18687644],[0.00264976 0.00243262 0.00349936 0.00344864 0.0038936 ],[0.00019089 0.00017326 0.00032872 0.00035043 0.00044259],[1.         0.85044643],[0.98521624 1.        ],[0.8766682  0.90156176 0.85617978 0.85158695 0.84254755]
6,SMOTER_bin,75.8235330581665,[0.01565574 0.01329767 0.01496711 0.01444046 0.01537823],[0.01568896 0.01108623 0.01353245 0.0119267  0.01329364],[0.48788017 0.49143474 0.48420887 0.47734    0.46376435],[0.49532215 0.49645836 0.4904148  0.48228159 0.4690325 ],[0.00744198 0.00502362 0.00620593 0.00494158 0.00526814],[0.000246   0.00014049 0.00020913 0.00017041 0.00020578],[1.         0.98379179],[0.98359734 1.        ],[0.98699127 0.9651632  0.9317082  0.95276276 0.95071675],[0.01516358 0.01413325 0.01484677 0.0150107  0.01564535],[0.01358676 0.00778327 0.01073817 0.00725774 0.00810245],[0.18507375 0.18648122 0.18562215 0.18658466 0.18618827],[0.18794231 0.188604   0.18816466 0.18861173 0.18839706],[0.00286856 0.00212277 0.00254251 0.00202707 0.00220879],[0.0002135  0.00012993 0.00018487 0.00014787 0.00018068],[1.         0.83736264],[0.98367167 1.        ],[0.86551567 0.89816124 0.88153633 0.90498812 0.91017678]
7,SMOTER_bin,75.63878297805786,[0.01194364 0.01094462 0.0125393  0.01215777 0.01286563],[0.01109841 0.00947408 0.01172771 0.01183776 0.01333899],[0.49247256 0.49313433 0.48609562 0.47784532 0.46422138],[0.49755524 0.49728241 0.49132611 0.48251853 0.46924369],[0.00508268 0.00414808 0.0052305  0.00467321 0.00502232],[0.00013192 0.00010639 0.00016027 0.00015524 0.00018868],[1.         0.98928937],[0.98922111 1.        ],[0.9914131  0.96889109 0.93938287 0.95485473 0.94931402],[0.01210505 0.01107335 0.01168891 0.0108799  0.01082735],[0.00807415 0.00499845 0.00784188 0.00676173 0.00813999],[0.18649621 0.1873109  0.18666114 0.18739277 0.18712524],[0.18863439 0.18900801 0.18866669 0.18899595 0.18883789],[0.00213818 0.00169711 0.00200555 0.00160318 0.00171265],"[1.30249058e-04 9.55515625e-05 1.28089235e-04 9.84501582e-05
 1.13830219e-04]",[1.         0.89227166],[0.98984996 1.        ],[0.91191958 0.93154034 0.90327169 0.91542528 0.91127098]
8,SMOTER_bin,70.18303513526917,[0.00958111 0.01000921 0.01131872 0.01181359 0.01275017],[0.00862976 0.00874019 0.01050637 0.01171072 0.01317555],[0.49532898 0.49422546 0.48769455 0.47829004 0.46463426],[0.49894853 0.49780928 0.49209769 0.48272804 0.46943728],[0.00361955 0.00358382 0.00440314 0.004438   0.00480303],"[8.04623329e-05 8.73634584e-05 1.25063300e-04 1.44091173e-04
 1.76776433e-04]",[1.         0.99308153],[0.99306402 1.        ],[0.99445755 0.97267236 0.94956009 0.95986281 0.9548202 ],[0.00979751 0.0100872  0.01069133 0.01063785 0.01113968],[0.00444905 0.00352666 0.00562097 0.00604422 0.00743932],[0.18776086 0.18800714 0.18752567 0.18779525 0.18747155],[0.18924951 0.18934685 0.1890859  0.18918951 0.1890042 ],[0.00148865 0.00133971 0.00156024 0.00139427 0.00153264],"[7.21566817e-05 6.45923108e-05 8.38263628e-05 7.40832685e-05
 9.12356591e-05]",[1.         0.91586538],[0.99227714 1.        ],[0.93154034 0.94823295 0.92791038 0.93091622 0.91237362]
9,SMOTER_bin,69.5683228969574,[0.00820111 0.00915083 0.01082456 0.01186436 0.01282344],[0.00772632 0.00879195 0.01014336 0.01188313 0.01326493],[0.49672357 0.49467126 0.48841507 0.47830704 0.46467925],[0.49962298 0.49801463 0.49244108 0.48272638 0.46944956],[0.00289941 0.00334337 0.00402602 0.00441934 0.00477031],"[6.25423105e-05 8.33593326e-05 1.13636314e-04 1.45479188e-04
 1.76771993e-04]",[0.99981194 0.99662162],[0.99662574 0.99981171],[0.99725801 0.97763201 0.95817395 0.96635791 0.96049896],[0.00810895 0.00868983 0.01037771 0.01088926 0.01148547],[0.00292536 0.00384317 0.00476312 0.0061278  0.00730735],[0.18849856 0.18827809 0.18773178 0.18759917 0.18729984],[0.18961024 0.18947806 0.18918833 0.18909537 0.18892215],[0.00111167 0.00119997 0.00145655 0.00149621 0.00162231],"[4.54558040e-05 5.35125839e-05 7.78771457e-05 8.33815320e-05
 9.91835133e-05]",[1.         0.95488722],[0.99602824 1.        ],[0.96358118 0.96300051 0.94012865 0.9351806  0.92783505]
10,SMOTER_bin,67.92835283279419,[0.00858601 0.00922142 0.0099112  0.01112277 0.01211725],[0.01073884 0.0113837  0.01211438 0.01346998 0.01466173],[0.49458594 0.49333298 0.4880613  0.47802193 0.4644417 ],[0.49850873 0.49730283 0.49221368 0.48254016 0.46928539],[0.00392279 0.00396985 0.00415238 0.00451823 0.00484368],[0.00010484 0.00011598 0.000132   0.00016259 0.0001931 ],[0.98650023 1.        ],[1.         0.98625494],[0.99722042 0.98294895 0.97560976 0.97903885 0.9738121 ],[0.00591393 0.00657803 0.00706658 0.00811255 0.00887037],[0.00818691 0.00791081 0.00735868 0.00772132 0.00810992],[0.18881182 0.18884854 0.18857792 0.18834495 0.18791486],[0.18974904 0.18974367 0.18958748 0.18944568 0.18920808],[0.00093722 0.00089514 0.00100956 0.00110073 0.00129322],"[3.47187709e-05 3.28126740e-05 3.89583913e-05 4.65036393e-05
 6.31690694e-05]",[0.99604396 1.        ],[1.         0.95275591],[0.99018003 0.99242834 0.96528143 0.95461659 0.9466393 ]
1,SMOTER_regular,78.99886894226074,[0.01440714 0.01707568 0.01910006 0.0208648  0.02308592],[0.00088618 0.00101202 0.00154455 0.00217794 0.00354875],[0.4977738  0.49579333 0.49044036 0.48117092 0.46799067],[0.49842902 0.49665018 0.49145729 0.48235264 0.46941147],[0.00065522 0.00085685 0.00101693 0.00118172 0.0014208 ],"[9.20648317e-06 1.69737537e-05 2.47484385e-05 3.27728050e-05
 5.53971593e-05]",[0.99784685 0.99906156],[0.99906271 0.99784422],[0.99881786 0.9937333  0.99443856 0.9980184  0.99609535],[0.02005485 0.02383058 0.02668035 0.02920435 0.03232457],[0.00091004 0.00125321 0.00268759 0.00454097 0.00838472],[0.18902762 0.18835305 0.18779279 0.18730734 0.18628441],[0.18983451 0.1894558  0.18913591 0.18885323 0.1882812 ],[0.0008069  0.00110275 0.00134313 0.00154589 0.0019968 ],"[4.39402385e-05 8.36596099e-05 1.21793107e-04 1.60082951e-04
 2.65076188e-04]",[0.99977935 0.99737533],[0.99977935 0.99737533],[0.99737533 0.99004715 0.98840274 0.98295152 0.9774849 ]
2,SMOTER_regular,74.10717177391052,[0.00330768 0.00560154 0.00829465 0.01050766 0.01194052],[0.0011351  0.00196685 0.00268701 0.00332708 0.00403951],[0.49780931 0.49537949 0.48957964 0.48024108 0.46715793],[0.49845988 0.4964681  0.49106685 0.48193902 0.46906856],[0.00065057 0.00108861 0.00148721 0.00169794 0.00191062],"[3.71935659e-06 1.05036047e-05 2.02531798e-05 2.92870114e-05
 4.17507570e-05]",[0.99896927 0.99924995],[0.99925016 0.99896898],[0.99919374 0.9922218  0.99285462 0.98909126 0.98592506],[0.00427887 0.00722666 0.0107683  0.01366193 0.01547906],[0.00117769 0.0020299  0.00301272 0.00418399 0.00591176],[0.18975365 0.18912131 0.18851265 0.18810391 0.18756738],[0.19022307 0.18988743 0.18956975 0.18934519 0.18905715],[0.00046942 0.00076612 0.0010571  0.00124128 0.00148976],"[1.17408630e-05 3.08106198e-05 5.82096132e-05 8.00781183e-05
 1.15641865e-04]",[1.         0.97692308],[0.99801412 1.        ],[0.98145286 0.9748589  0.96379398 0.95599393 0.94718131]
3,SMOTER_regular,74.999027967453,[0.00529845 0.00570929 0.00577644 0.00651955 0.00730335],[0.00047742 0.00079394 0.00098602 0.00154316 0.00212136],[0.4985113  0.49663308 0.49136318 0.48205605 0.46908853],[0.49881073 0.49709081 0.49194728 0.4828308  0.47001226],[0.00029942 0.00045773 0.0005841  0.00077475 0.00092373],"[1.61222419e-06 2.98180668e-06 3.97916230e-06 7.55936706e-06
 1.23004262e-05]",[0.99925023 0.99934383],[0.99934389 0.99925016],[0.9993251  0.99840336 0.99877995 0.99591607 0.99460828],[0.00734284 0.00789158 0.00788061 0.00876671 0.00972955],[0.00053358 0.00088915 0.00136234 0.00255657 0.0040981 ],[0.19008264 0.18973784 0.1895918  0.18922142 0.18883354],[0.19038345 0.19018672 0.19008986 0.18987826 0.18965592],[0.00030081 0.00044888 0.00049807 0.00065684 0.00082238],"[6.16299073e-06 1.21870080e-05 1.48584087e-05 2.49958636e-05
 4.00953662e-05]",[1.         0.99477807],[0.99955869 1.        ],[0.99581809 0.99320439 0.98646538 0.97172237 0.96658098]
4,SMOTER_regular,77.0896942615509,[0.00781192 0.0083608  0.00858774 0.00868015 0.00888058],[0.00036225 0.00053159 0.00069176 0.00112349 0.00163771],[0.49833629 0.49670454 0.49152484 0.48233135 0.46953023],[0.49872051 0.49712522 0.49202619 0.48296544 0.47022839],[0.00038422 0.00042068 0.00050135 0.00063409 0.00069816],"[3.15318835e-06 3.80190082e-06 3.91456311e-06 4.90138113e-06
 7.58590223e-06]",[0.99953122 0.99925037],[0.99925016 0.99953135],[0.99930656 0.99797959 0.99771355 0.99752305 0.99683328],[0.01090046 0.01166138 0.01192762 0.01203604 0.01228968],[0.00034466 0.00055214 0.00099887 0.00185    0.00342936],[0.18969844 0.18958765 0.18950314 0.18939948 0.18913861],[0.19018616 0.19010588 0.19003923 0.18996105 0.18980101],[0.00048773 0.00051823 0.00053609 0.00056157 0.0006624 ],"[1.43840844e-05 1.70820215e-05 1.77060082e-05 1.96168220e-05
 3.16178842e-05]",[0.9997794 1.       ],[1.         0.99737533],[0.99947396 0.9989457  0.99421357 0.98330725 0.9848088 ]
5,SMOTER_regular,70.80773711204529,[0.00806669 0.00781046 0.00765383 0.00858858 0.00827348],[0.00027376 0.00023979 0.00033239 0.00074622 0.00130803],[0.49846968 0.49697173 0.49192728 0.48272777 0.46988634],[0.49878835 0.49726126 0.49223007 0.48316682 0.47040753],[0.00031867 0.00028952 0.00030279 0.00043905 0.00052119],"[2.82624330e-06 2.78033938e-06 3.09692036e-06 4.41551063e-06
 6.62389429e-06]",[1.         0.99925073],[0.99925016 1.        ],[0.99940049 0.99832469 0.99860644 0.99789916 0.99703151],[0.01121749 0.01084766 0.01055025 0.0118082  0.01134128],[0.00026964 0.00026618 0.00065924 0.00152045 0.0030914 ],[0.18982923 0.18980849 0.18973018 0.18957037 0.1892546 ],[0.19025213 0.19021881 0.1901545  0.19004719 0.18985965],[0.0004229  0.00041032 0.00042432 0.00047682 0.00060505],"[1.23147120e-05 1.16883079e-05 1.34915367e-05 1.71024008e-05
 2.98279170e-05]",[0.9997794 1.       ],[1.         0.99737533],[0.99947396 0.99790466 0.99320439 0.98591549 0.9848088 ]
6,SMOTER_regular,72.53145599365234,[0.0064405  0.00635147 0.00627096 0.00699099 0.00716652],[0.00020701 0.00030239 0.00038435 0.00069246 0.00119767],[0.49859965 0.49700283 0.49194201 0.48280334 0.46996447],[0.49885473 0.49727744 0.49223799 0.48320548 0.47044785],[0.00025508 0.00027461 0.00029599 0.00040215 0.00048338],"[1.89640265e-06 1.91382035e-06 2.28070403e-06 3.83792275e-06
 5.67697153e-06]",[0.99953118 0.99915675],[0.99915643 0.99953135],[0.99923165 0.99870548 0.99856131 0.99797006 0.99760238],[0.008935   0.00880896 0.00863961 0.00961101 0.00985645],[0.00021567 0.00030798 0.00061512 0.00138034 0.00275704],[0.18999366 0.18993747 0.18986866 0.18961758 0.18935028],[0.19033702 0.19028591 0.19022585 0.19007235 0.18990916],[0.00034336 0.00034844 0.00035719 0.00045478 0.00055888],"[7.95951292e-06 7.74138780e-06 9.56852609e-06 1.48698241e-05
 2.55250307e-05]",[1. 1.],[1. 1.],[1.         0.99790466 0.99320439 0.99004715 0.9853633 ]
7,SMOTER_regular,79.3017692565918,[0.00555053 0.00633206 0.00652146 0.00728417 0.00792213],[0.00015203 0.0002687  0.00032707 0.00061716 0.00104547],[0.49870741 0.49701007 0.49200709 0.48285352 0.4700287 ],[0.49890952 0.49728224 0.49227229 0.48323158 0.47048152],[0.00020212 0.00027217 0.0002652  0.00037806 0.00045282],"[1.31412242e-06 1.95429650e-06 2.41767200e-06 4.17397315e-06
 6.30246567e-06]",[0.99981242 0.99915699],[0.99915643 0.99981254],[0.99928803 0.99838302 0.99856131 0.99775017 0.99736176],[0.00766984 0.00876    0.0089745  0.01001381 0.01092998],[0.0001547  0.0002769  0.00060803 0.00130371 0.00259317],[0.19014551 0.18995542 0.18989885 0.18960619 0.18928629],[0.19041466 0.19029532 0.19024158 0.19006643 0.18987605],[0.00026915 0.0003399  0.00034273 0.00046024 0.00058977],"[4.90207498e-06 7.11906768e-06 8.99576200e-06 1.57918104e-05
 2.76824933e-05]",[1. 1.],[1. 1.],[1.         0.99790466 0.99737533 0.99212598 0.99158338]
8,SMOTER_regular,76.55997586250305,[0.00496249 0.0057653  0.00537253 0.00611426 0.00681437],[0.00016704 0.00026566 0.00025636 0.00051077 0.00093614],[0.49872559 0.49700677 0.49210863 0.48291877 0.47006296],[0.49891809 0.49727926 0.49232251 0.48326257 0.47049733],[0.0001925  0.0002725  0.00021388 0.0003438  0.00043437],"[1.09922824e-06 1.91555492e-06 1.34749208e-06 2.71079851e-06
 5.22565470e-06]",[0.99971868 0.99925052],[0.99925016 0.99971881],[0.99934414 0.99872632 0.99880542 0.9978714  0.99724878],[0.00687068 0.00799924 0.00741854 0.00846237 0.00945974],[0.00018365 0.0003216  0.00040618 0.00098787 0.0022836 ],[0.19017368 0.18990616 0.19004202 0.18972162 0.18932968],[0.19042905 0.19027032 0.19031476 0.19012557 0.18989869],[0.00025538 0.00036416 0.00027274 0.00040394 0.00056901],"[4.43460954e-06 8.23192709e-06 5.11810615e-06 1.15815441e-05
 2.45687264e-05]",[1.        0.9973822],[0.99977935 1.        ],[0.99790466 0.99790466 0.99528549 0.9905907  0.99158338]
9,SMOTER_regular,77.8173840045929,[0.00517496 0.00557539 0.00511323 0.00605045 0.0063162 ],[0.00019735 0.00019496 0.00021248 0.00038041 0.00083257],[0.49867486 0.49702695 0.49207743 0.48303144 0.47017725],[0.4988938  0.49729022 0.49230684 0.48331912 0.47055413],[0.00021893 0.00026327 0.00022941 0.00028768 0.00037688],"[1.35745557e-06 2.15958488e-06 1.90734716e-06 3.57677667e-06
 5.83402378e-06]",[0.99934377 0.99915659],[0.99915643 0.99934389],[0.99919405 0.99852355 0.99856322 0.99841386 0.99826177],[0.00713057 0.00770815 0.00704417 0.00837263 0.00878549],[0.0002137  0.00021622 0.00039586 0.00099798 0.00226676],[0.19013728 0.18989284 0.18995099 0.18963884 0.18929714],[0.19041088 0.19026357 0.19026816 0.19008267 0.18988126],[0.00027359 0.00037073 0.00031717 0.00044382 0.00058412],"[4.60187431e-06 8.60090638e-06 7.67359749e-06 1.57153727e-05
 2.84126136e-05]",[1. 1.],[1. 1.],[1.         0.99790466 0.99737533 0.99841521 0.99367422]
10,SMOTER_regular,77.07829713821411,[0.0040555  0.00500425 0.00480298 0.00530168 0.00595013],[0.00018935 0.00021406 0.00018544 0.0003278  0.00058969],[0.49880508 0.4971143  0.49216687 0.4831308  0.47031153],[0.49895875 0.49733447 0.49235246 0.48337035 0.47062468],[0.00015367 0.00022017 0.00018559 0.00023955 0.00031314],"[6.97530907e-07 1.58538194e-06 1.34465583e-06 2.44148582e-06
 3.73339090e-06]",[0.9999062  0.99915707],[0.99915643 0.99990627],[0.99930682 0.99858629 0.99823243 0.99831559 0.99717384],[0.00558764 0.00690535 0.00658242 0.00726173 0.00814997],[0.00020606 0.00025249 0.00028148 0.00072389 0.00144888],[0.19034141 0.19004506 0.19010758 0.18985905 0.18962685],[0.19051413 0.19034083 0.19034775 0.19019532 0.19005024],[0.00017272 0.00029576 0.00024017 0.00033626 0.00042339],"[2.13326670e-06 5.77103983e-06 4.50589881e-06 9.23195309e-06
 1.58189075e-05]",[1.        0.9973822],[0.99977935 1.        ],[0.99790466 0.99790466 0.99790466 0.99684377 0.99630996]
